{"cameraMode":{"drawMode":0,"name":"Shaded","section":"Shading Mode"},"sceneLighting":false,"audioPlay":false,"sceneViewState":{"showFog":false,"showMaterialUpdate":false,"showSkybox":false,"showFlares":false,"showImageEffects":false,"showParticleSystems":false},"in2DMode":false,"pivot":{"x":0.00019529275596141815,"y":-0.04212832450866699,"z":0.00006000464782118797},"rotation":{"x":-0.10058914870023728,"y":-0.03223065286874771,"z":0.0033593368716537954,"w":-0.9944632053375244},"size":0.06853489577770233,"orthographic":true}