{"cameraMode":{"drawMode":0,"name":"Shaded","section":"Shading Mode"},"sceneLighting":true,"audioPlay":false,"sceneViewState":{"showFog":false,"showMaterialUpdate":false,"showSkybox":false,"showFlares":false,"showImageEffects":false,"showParticleSystems":false},"in2DMode":false,"pivot":{"x":-0.020567893981933595,"y":-0.4852790832519531,"z":0.5474853515625},"rotation":{"x":-0.010809741914272309,"y":-0.006910583004355431,"z":0.00009994447464123368,"w":-1.0000230073928834},"size":0.4143655002117157,"orthographic":true}