{"cameraMode":{"drawMode":0,"name":"Shaded","section":"Shading Mode"},"sceneLighting":false,"audioPlay":false,"sceneViewState":{"showFog":false,"showMaterialUpdate":false,"showSkybox":false,"showFlares":false,"showImageEffects":false,"showParticleSystems":false},"in2DMode":false,"pivot":{"x":0.08375020325183869,"y":-0.03386228159070015,"z":-0.007550023961812258},"rotation":{"x":-0.10058914870023728,"y":-0.03223065286874771,"z":0.0033593368716537954,"w":-0.9944632053375244},"size":0.10033039003610611,"orthographic":true}