{"cameraMode":{"drawMode":0,"name":"Shaded","section":"Shading Mode"},"sceneLighting":false,"audioPlay":false,"sceneViewState":{"showFog":false,"showMaterialUpdate":false,"showSkybox":false,"showFlares":false,"showImageEffects":false,"showParticleSystems":false},"in2DMode":false,"pivot":{"x":-1.341104507446289e-7,"y":0.9016261100769043,"z":-0.06969243288040161},"rotation":{"x":-0.26912176609039309,"y":0.07416221499443054,"z":-0.020789993926882745,"w":-0.9600350260734558},"size":0.9854364395141602,"orthographic":false}