{"cameraMode":{"drawMode":0,"name":"Shaded","section":"Shading Mode"},"sceneLighting":false,"audioPlay":false,"sceneViewState":{"showFog":false,"showMaterialUpdate":false,"showSkybox":false,"showFlares":false,"showImageEffects":false,"showParticleSystems":false},"in2DMode":false,"pivot":{"x":0.017211362719535829,"y":0.0,"z":0.0010091997683048249},"rotation":{"x":-0.3396502733230591,"y":-0.036107178777456287,"z":0.013050282374024392,"w":-0.9397739768028259},"size":0.11828726530075073,"orthographic":false}