{"cameraMode":{"drawMode":0,"name":"Shaded","section":"Shading Mode"},"sceneLighting":false,"audioPlay":false,"sceneViewState":{"showFog":false,"showMaterialUpdate":false,"showSkybox":false,"showFlares":false,"showImageEffects":false,"showParticleSystems":false},"in2DMode":false,"pivot":{"x":0.0,"y":-0.004999999888241291,"z":-0.0009999996982514859},"rotation":{"x":-0.10058914870023728,"y":-0.03223065286874771,"z":0.0033593368716537954,"w":-0.9944632053375244},"size":0.02789265289902687,"orthographic":true}