{"cameraMode":{"drawMode":0,"name":"Shaded","section":"Shading Mode"},"sceneLighting":false,"audioPlay":false,"sceneViewState":{"showFog":false,"showMaterialUpdate":false,"showSkybox":false,"showFlares":false,"showImageEffects":false,"showParticleSystems":false},"in2DMode":false,"pivot":{"x":-0.06722673773765564,"y":-0.15563765168190003,"z":0.14920014142990113},"rotation":{"x":-0.10058914870023728,"y":-0.03223065286874771,"z":0.0033593368716537954,"w":-0.9944632053375244},"size":0.5787532329559326,"orthographic":true}